tHalf,eff,best_roi
1.6967981922421744e23,0.020486,"(phi = (0.0, 180.0), sumE = (2516.9843140574167, 2930.025645984239), r = (0.0, 200.0), singleE = (0.0, 3500.0), dy = (0.0, 150.7438957705751), dz = (0.0, 112.7337973652067), lPint = (0.0, 3.581929058798542), lPext = (0.0, 50.0), trackLength1 = (0.0, 3000.0), trackLength2 = (0.0, 2195.3216528802363))"
